id,isValid,raingage,SID,date,validRaingege
1,1,0.314959377,6000,6/23/17 6:21,0.314959377
2,1,0.314959377,6000,6/23/17 18:19,0.314959377
3,1,0.354329318,6000,6/23/17 20:00,0.354329318
4,1,0.393699229,6000,6/23/17 20:02,0.393699229
5,1,0.43306917,6000,6/23/17 20:04,0.43306917
6,1,0.47243908,6000,6/23/17 20:09,0.47243908
7,1,0.511808991,6000,6/23/17 20:11,0.511808991
8,1,0.551178932,6000,6/23/17 20:13,0.551178932
9,1,0.590548873,6000,6/23/17 20:14,0.590548873
10,1,0.629918754,6000,6/23/17 20:14,0.629918754
11,1,0.669288695,6000,6/23/17 20:15,0.669288695
12,1,0.708658636,6000,6/23/17 20:15,0.708658636
13,1,0.748028576,6000,6/23/17 20:16,0.748028576
14,1,0.787398458,6000,6/23/17 20:18,0.787398458
15,1,0.826768398,6000,6/23/17 20:20,0.826768398
16,1,0.866138339,6000,6/23/17 20:22,0.866138339
17,1,0.90550822,6000,6/23/17 20:24,0.90550822
18,1,0.944878161,6000,6/23/17 20:24,0.944878161
19,1,0.984248102,6000,6/23/17 20:25,0.984248102
20,1,1.023617983,6000,6/23/17 20:26,1.023617983
21,1,1.062987924,6000,6/23/17 20:27,1.062987924
22,1,1.102357864,6000,6/23/17 20:28,1.102357864
23,1,1.141727805,6000,6/23/17 20:28,1.141727805
24,1,1.181097746,6000,6/23/17 20:29,1.181097746
25,1,1.220467687,6000,6/23/17 20:30,1.220467687
26,1,1.259837508,6000,6/23/17 20:31,1.259837508
27,1,1.299207449,6000,6/23/17 20:32,1.299207449
28,1,1.33857739,6000,6/23/17 20:33,1.33857739
29,1,1.37794733,6000,6/23/17 20:33,1.37794733
30,1,1.417317271,6000,6/23/17 20:34,1.417317271
31,1,1.456687212,6000,6/23/17 20:35,1.456687212
32,1,1.496057153,6000,6/23/17 20:35,1.496057153
33,1,1.535426974,6000,6/23/17 20:36,1.535426974
34,1,1.574796915,6000,6/23/17 20:37,1.574796915
35,1,1.614166856,6000,6/23/17 20:38,1.614166856
36,1,1.653536797,6000,6/23/17 20:39,1.653536797
37,1,1.692906737,6000,6/23/17 20:40,1.692906737
38,1,1.732276678,6000,6/23/17 20:41,1.732276678
39,1,1.771646619,6000,6/23/17 20:41,1.771646619
40,1,1.81101644,6000,6/23/17 20:42,1.81101644
41,1,1.850386381,6000,6/23/17 20:42,1.850386381
42,1,1.889756322,6000,6/23/17 20:43,1.889756322
43,1,1.929126263,6000,6/23/17 20:44,1.929126263
44,1,1.968496203,6000,6/23/17 20:45,1.968496203
45,1,2.007866144,6000,6/23/17 20:46,2.007866144
46,1,2.047235966,6000,6/23/17 20:48,2.047235966
47,1,2.086606026,6000,6/23/17 20:50,2.086606026
48,1,2.125975847,6000,6/23/17 20:52,2.125975847
49,1,2.165345907,6000,6/23/17 20:53,2.165345907
50,1,2.204715729,6000,6/23/17 20:55,2.204715729
51,1,2.24408555,6000,6/23/17 20:58,2.24408555
52,1,2.28345561,6000,6/23/17 21:03,2.28345561
53,1,2.322825432,6000,6/23/17 21:08,2.322825432
54,1,2.362195492,6000,6/23/17 21:14,2.362195492
55,1,2.401565313,6000,6/24/17 1:41,2.401565313
56,1,2.440935373,6000,6/24/17 1:44,2.440935373
57,1,2.480305195,6000,6/24/17 1:45,2.480305195
58,1,2.519675016,6000,6/24/17 1:47,2.519675016
59,1,2.559045076,6000,6/24/17 1:47,2.559045076
60,1,2.598414898,6000,6/24/17 1:48,2.598414898
61,1,2.637784958,6000,6/24/17 1:49,2.637784958
62,1,2.677154779,6000,6/24/17 1:49,2.677154779
63,1,2.716524839,6000,6/24/17 1:50,2.716524839
64,1,2.755894661,6000,6/24/17 1:50,2.755894661
65,1,2.795264482,6000,6/24/17 1:50,2.795264482
66,1,2.834634542,6000,6/24/17 1:51,2.834634542
67,1,2.874004364,6000,6/24/17 1:52,2.874004364
68,1,2.913374424,6000,6/24/17 1:52,2.913374424
69,1,2.952744246,6000,6/24/17 1:53,2.952744246
70,1,2.992114305,6000,6/24/17 1:54,2.992114305
71,1,3.031484127,6000,6/24/17 1:55,3.031484127
72,1,3.070853949,6000,6/24/17 1:55,3.070853949
73,1,3.110224009,6000,6/24/17 1:56,3.110224009
74,1,3.14959383,6000,6/24/17 1:56,3.14959383
75,1,3.18896389,6000,6/24/17 1:57,3.18896389
76,1,3.228333712,6000,6/24/17 1:57,3.228333712
77,1,3.267703772,6000,6/24/17 1:58,3.267703772
78,1,3.307073593,6000,6/24/17 1:59,3.307073593
79,1,3.346443415,6000,6/24/17 1:59,3.346443415
80,1,3.385813475,6000,6/24/17 2:00,3.385813475
81,1,3.425183296,6000,6/24/17 2:01,3.425183296
82,1,3.464553356,6000,6/24/17 2:02,3.464553356
83,1,3.503923178,6000,6/24/17 2:03,3.503923178
84,1,3.543293238,6000,6/24/17 2:04,3.543293238
85,1,3.582663059,6000,6/24/17 2:05,3.582663059
86,1,3.622032881,6000,6/24/17 2:07,3.622032881
87,1,3.661402941,6000,6/24/17 2:08,3.661402941
88,1,3.700772762,6000,6/24/17 2:11,3.700772762
89,1,3.740142822,6000,6/24/17 2:13,3.740142822
90,1,3.779512644,6000,6/24/17 2:16,3.779512644
91,1,3.818882704,6000,6/24/17 2:19,3.818882704
92,1,3.858252525,6000,6/24/17 2:22,3.858252525
93,1,3.897622347,6000,6/24/17 2:23,3.897622347
94,1,3.936992407,6000,6/24/17 2:24,3.936992407
95,1,4.015732288,6000,6/24/17 2:27,4.015732288
96,1,4.055102348,6000,6/24/17 2:29,4.055102348
97,1,4.094471931,6000,6/24/17 2:30,4.094471931
98,1,4.133841991,6000,6/24/17 2:33,4.133841991
99,1,4.173212051,6000,6/24/17 2:37,4.173212051
100,1,4.212581635,6000,6/24/17 2:44,4.212581635
101,1,4.251951694,6000,6/24/17 2:47,4.251951694
102,1,4.291321754,6000,6/24/17 2:50,4.291321754
103,1,4.330691814,6000,6/24/17 2:54,4.330691814
104,1,4.370061398,6000,6/24/17 2:58,4.370061398
105,1,4.409431458,6000,6/24/17 3:07,4.409431458
106,1,4.448801517,6000,6/24/17 3:20,4.448801517
107,1,4.488171101,6000,6/24/17 3:33,4.488171101
108,1,4.527541161,6000,6/24/17 3:53,4.527541161
109,1,4.566911221,6000,6/24/17 4:11,4.566911221
110,1,4.606281281,6000,6/24/17 4:23,4.606281281
111,1,4.645650864,6000,6/24/17 4:36,4.645650864
112,1,4.685020924,6000,6/24/17 4:54,4.685020924
113,1,4.724390984,6000,6/24/17 5:21,4.724390984
114,1,4.724390984,6000,6/24/17 6:17,4.724390984
115,1,4.724390984,6000,6/24/17 18:15,4.724390984
116,1,4.724390984,6000,6/25/17 6:13,4.724390984
117,1,4.724390984,6000,6/25/17 18:11,4.724390984
118,1,4.724390984,6000,6/26/17 6:09,4.724390984
119,1,4.724390984,6000,6/26/17 18:07,4.724390984
120,1,4.724390984,6000,6/27/17 6:05,4.724390984
121,0,55.59033203,6000,6/27/17 18:02,0
122,1,4.724390984,6000,6/27/17 18:03,4.724390984
123,1,4.724390984,6000,6/28/17 6:01,4.724390984
124,0,48.89744568,6000,6/28/17 15:31,0
125,1,4.724390984,6000,6/28/17 17:59,4.724390984
126,1,4.724390984,6000,6/29/17 5:57,4.724390984
127,0,70.86585999,6000,6/29/17 13:00,0
128,1,4.724390984,6000,6/29/17 17:55,4.724390984
129,1,4.724390984,6000,6/30/17 5:52,4.724390984
130,0,43.62187576,6000,6/30/17 11:58,0
131,1,4.724390984,6000,6/30/17 17:50,4.724390984
132,1,4.763760567,6000,7/1/17 1:03,4.763760567
133,1,4.803130627,6000,7/1/17 2:46,4.803130627
134,1,4.842500687,6000,7/1/17 4:06,4.842500687
135,1,4.881870747,6000,7/1/17 4:41,4.881870747
136,1,4.92124033,6000,7/1/17 4:55,4.92124033
137,1,4.96061039,6000,7/1/17 5:14,4.96061039
138,1,4.99998045,6000,7/1/17 5:29,4.99998045
139,1,4.99998045,6000,7/1/17 5:48,4.99998045
140,1,5.039350033,6000,7/1/17 5:52,5.039350033
141,1,5.039350033,6000,7/1/17 17:46,5.039350033
142,1,5.039350033,6000,7/2/17 5:44,5.039350033
143,1,5.039350033,6000,7/2/17 17:42,5.039350033
144,1,5.039350033,6000,7/3/17 5:40,5.039350033
145,1,5.039350033,6000,7/3/17 17:38,5.039350033
146,1,5.078720093,6000,7/3/17 21:41,5.078720093
147,1,5.118090153,6000,7/3/17 21:43,5.118090153
148,1,5.157460213,6000,7/3/17 21:44,5.157460213
149,1,5.196829796,6000,7/3/17 21:46,5.196829796
150,1,5.236199856,6000,7/3/17 21:51,5.236199856
151,1,5.275569916,6000,7/3/17 21:57,5.275569916
152,1,5.314939499,6000,7/3/17 22:04,5.314939499
153,1,5.354309559,6000,7/3/17 22:09,5.354309559
154,1,5.433049679,6000,7/3/17 22:38,5.433049679
155,1,5.472419262,6000,7/3/17 23:19,5.472419262
156,1,5.511789322,6000,7/3/17 23:42,5.511789322
157,0,79.29102325,6000,7/4/17 5:33,0
158,1,5.511789322,6000,7/4/17 5:36,5.511789322
159,1,5.511789322,6000,7/4/17 17:34,5.511789322
160,1,5.511789322,6000,7/5/17 5:32,5.511789322
161,1,5.551159382,6000,7/5/17 14:04,5.551159382
162,1,5.590528965,6000,7/5/17 14:21,5.590528965
163,1,5.629899025,6000,7/5/17 16:30,5.629899025
164,1,5.629899025,6000,7/5/17 17:30,5.629899025
165,0,40.11795044,6000,7/5/17 19:43,0
166,1,5.669269085,6000,7/5/17 19:47,5.669269085
167,1,5.708639145,6000,7/5/17 20:02,5.708639145
168,1,5.748008728,6000,7/5/17 20:22,5.748008728
169,1,5.787378788,6000,7/5/17 21:37,5.787378788
170,1,5.787378788,6000,7/6/17 5:28,5.787378788
171,0,71.49578094,6000,7/6/17 16:46,0
172,1,5.787378788,6000,7/6/17 17:26,5.787378788
173,1,5.787378788,6000,7/7/17 5:24,5.787378788
174,1,5.826748848,6000,7/7/17 8:39,5.826748848
175,1,5.866118431,6000,7/7/17 8:45,5.866118431
176,1,5.905488491,6000,7/7/17 9:00,5.905488491
177,1,5.905488491,6000,7/7/17 17:22,5.905488491
178,1,5.905488491,6000,7/8/17 5:20,5.905488491
179,0,69.96035767,6000,7/8/17 15:05,0
180,1,5.905488491,6000,7/8/17 17:18,5.905488491
181,1,5.905488491,6000,7/9/17 5:16,5.905488491
182,1,5.905488491,6000,7/9/17 17:14,5.905488491
183,1,5.905488491,6000,7/10/17 5:12,5.905488491
184,1,5.905488491,6000,7/10/17 17:10,5.905488491
185,0,34.01561356,6000,7/10/17 22:19,0
186,1,5.905488491,6000,7/11/17 5:08,5.905488491
187,1,5.905488491,6000,7/11/17 17:05,5.905488491
188,1,5.905488491,6000,7/12/17 5:03,5.905488491
189,1,5.905488491,6000,7/12/17 17:01,5.905488491
190,1,5.905488491,6000,7/13/17 4:59,5.905488491
191,1,5.905488491,6000,7/13/17 16:57,5.905488491
192,1,5.905488491,6000,7/14/17 4:55,5.905488491
193,1,5.905488491,6000,7/14/17 16:53,5.905488491
194,1,5.905488491,6000,7/15/17 4:51,5.905488491
195,0,41.02346039,6000,7/15/17 13:07,0
196,1,5.905488491,6000,7/15/17 16:49,5.905488491
197,1,5.905488491,6000,7/16/17 4:47,5.905488491
198,1,5.905488491,6000,7/16/17 16:45,5.905488491
199,1,5.905488491,6000,7/17/17 4:43,5.905488491
200,1,0.314959377,6000,6/23/17 6:21,0.314959377
201,1,0.314959377,6000,6/23/17 18:19,0.314959377
202,1,0.354329318,6000,6/23/17 20:00,0.354329318
203,1,0.393699229,6000,6/23/17 20:02,0.393699229
204,1,0.43306917,6000,6/23/17 20:04,0.43306917
205,1,0.47243908,6000,6/23/17 20:09,0.47243908
206,1,0.511808991,6000,6/23/17 20:11,0.511808991
207,1,0.551178932,6000,6/23/17 20:13,0.551178932
208,1,0.590548873,6000,6/23/17 20:14,0.590548873
209,1,0.629918754,6000,6/23/17 20:14,0.629918754
210,1,0.669288695,6000,6/23/17 20:15,0.669288695
211,1,0.708658636,6000,6/23/17 20:15,0.708658636
212,1,0.748028576,6000,6/23/17 20:16,0.748028576
213,1,0.787398458,6000,6/23/17 20:18,0.787398458
214,1,0.826768398,6000,6/23/17 20:20,0.826768398
215,1,0.866138339,6000,6/23/17 20:22,0.866138339
216,1,0.90550822,6000,6/23/17 20:24,0.90550822
217,1,0.944878161,6000,6/23/17 20:24,0.944878161
218,1,0.984248102,6000,6/23/17 20:25,0.984248102
219,1,1.023617983,6000,6/23/17 20:26,1.023617983
220,1,1.062987924,6000,6/23/17 20:27,1.062987924
221,1,1.102357864,6000,6/23/17 20:28,1.102357864
222,1,1.141727805,6000,6/23/17 20:28,1.141727805
223,1,1.181097746,6000,6/23/17 20:29,1.181097746
224,1,1.220467687,6000,6/23/17 20:30,1.220467687
225,1,1.259837508,6000,6/23/17 20:31,1.259837508
226,1,1.299207449,6000,6/23/17 20:32,1.299207449
227,1,1.33857739,6000,6/23/17 20:33,1.33857739
228,1,1.37794733,6000,6/23/17 20:33,1.37794733
229,1,1.417317271,6000,6/23/17 20:34,1.417317271
230,1,1.456687212,6000,6/23/17 20:35,1.456687212
231,1,1.496057153,6000,6/23/17 20:35,1.496057153
232,1,1.535426974,6000,6/23/17 20:36,1.535426974
233,1,1.574796915,6000,6/23/17 20:37,1.574796915
234,1,1.614166856,6000,6/23/17 20:38,1.614166856
235,1,1.653536797,6000,6/23/17 20:39,1.653536797
236,1,1.692906737,6000,6/23/17 20:40,1.692906737
237,1,1.732276678,6000,6/23/17 20:41,1.732276678
238,1,1.771646619,6000,6/23/17 20:41,1.771646619
239,1,1.81101644,6000,6/23/17 20:42,1.81101644
240,1,1.850386381,6000,6/23/17 20:42,1.850386381
241,1,1.889756322,6000,6/23/17 20:43,1.889756322
242,1,1.929126263,6000,6/23/17 20:44,1.929126263
243,1,1.968496203,6000,6/23/17 20:45,1.968496203
244,1,2.007866144,6000,6/23/17 20:46,2.007866144
245,1,2.047235966,6000,6/23/17 20:48,2.047235966
246,1,2.086606026,6000,6/23/17 20:50,2.086606026
247,1,2.125975847,6000,6/23/17 20:52,2.125975847
248,1,2.165345907,6000,6/23/17 20:53,2.165345907
249,1,2.204715729,6000,6/23/17 20:55,2.204715729
250,1,2.24408555,6000,6/23/17 20:58,2.24408555
251,1,2.28345561,6000,6/23/17 21:03,2.28345561
252,1,2.322825432,6000,6/23/17 21:08,2.322825432
253,1,2.362195492,6000,6/23/17 21:14,2.362195492
254,1,2.401565313,6000,6/24/17 1:41,2.401565313
255,1,2.440935373,6000,6/24/17 1:44,2.440935373
256,1,2.480305195,6000,6/24/17 1:45,2.480305195
257,1,2.519675016,6000,6/24/17 1:47,2.519675016
258,1,2.559045076,6000,6/24/17 1:47,2.559045076
259,1,2.598414898,6000,6/24/17 1:48,2.598414898
260,1,2.637784958,6000,6/24/17 1:49,2.637784958
261,1,2.677154779,6000,6/24/17 1:49,2.677154779
262,1,2.716524839,6000,6/24/17 1:50,2.716524839
263,1,2.755894661,6000,6/24/17 1:50,2.755894661
264,1,2.795264482,6000,6/24/17 1:50,2.795264482
265,1,2.834634542,6000,6/24/17 1:51,2.834634542
266,1,2.874004364,6000,6/24/17 1:52,2.874004364
267,1,2.913374424,6000,6/24/17 1:52,2.913374424
268,1,2.952744246,6000,6/24/17 1:53,2.952744246
269,1,2.992114305,6000,6/24/17 1:54,2.992114305
270,1,3.031484127,6000,6/24/17 1:55,3.031484127
271,1,3.070853949,6000,6/24/17 1:55,3.070853949
272,1,3.110224009,6000,6/24/17 1:56,3.110224009
273,1,3.14959383,6000,6/24/17 1:56,3.14959383
274,1,3.18896389,6000,6/24/17 1:57,3.18896389
275,1,3.228333712,6000,6/24/17 1:57,3.228333712
276,1,3.267703772,6000,6/24/17 1:58,3.267703772
277,1,3.307073593,6000,6/24/17 1:59,3.307073593
278,1,3.346443415,6000,6/24/17 1:59,3.346443415
279,1,3.385813475,6000,6/24/17 2:00,3.385813475
280,1,3.425183296,6000,6/24/17 2:01,3.425183296
281,1,3.464553356,6000,6/24/17 2:02,3.464553356
282,1,3.503923178,6000,6/24/17 2:03,3.503923178
283,1,3.543293238,6000,6/24/17 2:04,3.543293238
284,1,3.582663059,6000,6/24/17 2:05,3.582663059
285,1,3.622032881,6000,6/24/17 2:07,3.622032881
286,1,3.661402941,6000,6/24/17 2:08,3.661402941
287,1,3.700772762,6000,6/24/17 2:11,3.700772762
288,1,3.740142822,6000,6/24/17 2:13,3.740142822
289,1,3.779512644,6000,6/24/17 2:16,3.779512644
290,1,3.818882704,6000,6/24/17 2:19,3.818882704
291,1,3.858252525,6000,6/24/17 2:22,3.858252525
292,1,3.897622347,6000,6/24/17 2:23,3.897622347
293,1,3.936992407,6000,6/24/17 2:24,3.936992407
294,1,4.015732288,6000,6/24/17 2:27,4.015732288
295,1,4.055102348,6000,6/24/17 2:29,4.055102348
296,1,4.094471931,6000,6/24/17 2:30,4.094471931
297,1,4.133841991,6000,6/24/17 2:33,4.133841991
298,1,4.173212051,6000,6/24/17 2:37,4.173212051
299,1,4.212581635,6000,6/24/17 2:44,4.212581635
300,1,4.251951694,6000,6/24/17 2:47,4.251951694
301,1,4.291321754,6000,6/24/17 2:50,4.291321754
302,1,4.330691814,6000,6/24/17 2:54,4.330691814
303,1,4.370061398,6000,6/24/17 2:58,4.370061398
304,1,4.409431458,6000,6/24/17 3:07,4.409431458
305,1,4.448801517,6000,6/24/17 3:20,4.448801517
306,1,4.488171101,6000,6/24/17 3:33,4.488171101
307,1,4.527541161,6000,6/24/17 3:53,4.527541161
308,1,4.566911221,6000,6/24/17 4:11,4.566911221
309,1,4.606281281,6000,6/24/17 4:23,4.606281281
310,1,4.645650864,6000,6/24/17 4:36,4.645650864
311,1,4.685020924,6000,6/24/17 4:54,4.685020924
312,1,4.724390984,6000,6/24/17 5:21,4.724390984
313,1,4.724390984,6000,6/24/17 6:17,4.724390984
314,1,4.724390984,6000,6/24/17 18:15,4.724390984
315,1,4.724390984,6000,6/25/17 6:13,4.724390984
316,1,4.724390984,6000,6/25/17 18:11,4.724390984
317,1,4.724390984,6000,6/26/17 6:09,4.724390984
318,1,4.724390984,6000,6/26/17 18:07,4.724390984
319,1,4.724390984,6000,6/27/17 6:05,4.724390984
320,0,55.59033203,6000,6/27/17 18:02,0
321,1,4.724390984,6000,6/27/17 18:03,4.724390984
322,1,4.724390984,6000,6/28/17 6:01,4.724390984
323,0,48.89744568,6000,6/28/17 15:31,0
324,1,4.724390984,6000,6/28/17 17:59,4.724390984
325,1,4.724390984,6000,6/29/17 5:57,4.724390984
326,0,70.86585999,6000,6/29/17 13:00,0
327,1,4.724390984,6000,6/29/17 17:55,4.724390984
328,1,4.724390984,6000,6/30/17 5:52,4.724390984
329,0,43.62187576,6000,6/30/17 11:58,0
330,1,4.724390984,6000,6/30/17 17:50,4.724390984
331,1,4.763760567,6000,7/1/17 1:03,4.763760567
332,1,4.803130627,6000,7/1/17 2:46,4.803130627
333,1,4.842500687,6000,7/1/17 4:06,4.842500687
334,1,4.881870747,6000,7/1/17 4:41,4.881870747
335,1,4.92124033,6000,7/1/17 4:55,4.92124033
336,1,4.96061039,6000,7/1/17 5:14,4.96061039
337,1,4.99998045,6000,7/1/17 5:29,4.99998045
338,1,4.99998045,6000,7/1/17 5:48,4.99998045
339,1,5.039350033,6000,7/1/17 5:52,5.039350033
340,1,5.039350033,6000,7/1/17 17:46,5.039350033
341,1,5.039350033,6000,7/2/17 5:44,5.039350033
342,1,5.039350033,6000,7/2/17 17:42,5.039350033
343,1,5.039350033,6000,7/3/17 5:40,5.039350033
344,1,5.039350033,6000,7/3/17 17:38,5.039350033
345,1,5.078720093,6000,7/3/17 21:41,5.078720093
346,1,5.118090153,6000,7/3/17 21:43,5.118090153
347,1,5.157460213,6000,7/3/17 21:44,5.157460213
348,1,5.196829796,6000,7/3/17 21:46,5.196829796
349,1,5.236199856,6000,7/3/17 21:51,5.236199856
350,1,5.275569916,6000,7/3/17 21:57,5.275569916
351,1,5.314939499,6000,7/3/17 22:04,5.314939499
352,1,5.354309559,6000,7/3/17 22:09,5.354309559
353,1,5.433049679,6000,7/3/17 22:38,5.433049679
354,1,5.472419262,6000,7/3/17 23:19,5.472419262
355,1,5.511789322,6000,7/3/17 23:42,5.511789322
356,0,79.29102325,6000,7/4/17 5:33,0
357,1,5.511789322,6000,7/4/17 5:36,5.511789322
358,1,5.511789322,6000,7/4/17 17:34,5.511789322
359,1,5.511789322,6000,7/5/17 5:32,5.511789322
360,1,5.551159382,6000,7/5/17 14:04,5.551159382
361,1,5.590528965,6000,7/5/17 14:21,5.590528965
362,1,5.629899025,6000,7/5/17 16:30,5.629899025
363,1,5.629899025,6000,7/5/17 17:30,5.629899025
364,0,40.11795044,6000,7/5/17 19:43,0
365,1,5.669269085,6000,7/5/17 19:47,5.669269085
366,1,5.708639145,6000,7/5/17 20:02,5.708639145
367,1,5.748008728,6000,7/5/17 20:22,5.748008728
368,1,5.787378788,6000,7/5/17 21:37,5.787378788
369,1,5.787378788,6000,7/6/17 5:28,5.787378788
370,0,71.49578094,6000,7/6/17 16:46,0
371,1,5.787378788,6000,7/6/17 17:26,5.787378788
372,1,5.787378788,6000,7/7/17 5:24,5.787378788
373,1,5.826748848,6000,7/7/17 8:39,5.826748848
374,1,5.866118431,6000,7/7/17 8:45,5.866118431
375,1,5.905488491,6000,7/7/17 9:00,5.905488491
376,1,5.905488491,6000,7/7/17 17:22,5.905488491
377,1,5.905488491,6000,7/8/17 5:20,5.905488491
378,0,69.96035767,6000,7/8/17 15:05,0
379,1,5.905488491,6000,7/8/17 17:18,5.905488491
380,1,5.905488491,6000,7/9/17 5:16,5.905488491
381,1,5.905488491,6000,7/9/17 17:14,5.905488491
382,1,5.905488491,6000,7/10/17 5:12,5.905488491
383,1,5.905488491,6000,7/10/17 17:10,5.905488491
384,0,34.01561356,6000,7/10/17 22:19,0
385,1,5.905488491,6000,7/11/17 5:08,5.905488491
386,1,5.905488491,6000,7/11/17 17:05,5.905488491
387,1,5.905488491,6000,7/12/17 5:03,5.905488491
388,1,5.905488491,6000,7/12/17 17:01,5.905488491
389,1,5.905488491,6000,7/13/17 4:59,5.905488491
390,1,5.905488491,6000,7/13/17 16:57,5.905488491
391,1,5.905488491,6000,7/14/17 4:55,5.905488491
392,1,5.905488491,6000,7/14/17 16:53,5.905488491
393,1,5.905488491,6000,7/15/17 4:51,5.905488491
394,0,41.02346039,6000,7/15/17 13:07,0
395,1,5.905488491,6000,7/15/17 16:49,5.905488491
396,1,5.905488491,6000,7/16/17 4:47,5.905488491
397,1,5.905488491,6000,7/16/17 16:45,5.905488491
398,1,5.905488491,6000,7/17/17 4:43,5.905488491
399,1,0.314959377,6000,6/23/17 6:21,0.314959377
400,1,0.314959377,6000,6/23/17 18:19,0.314959377
401,1,0.354329318,6000,6/23/17 20:00,0.354329318
402,1,0.393699229,6000,6/23/17 20:02,0.393699229
403,1,0.43306917,6000,6/23/17 20:04,0.43306917
404,1,0.47243908,6000,6/23/17 20:09,0.47243908
405,1,0.511808991,6000,6/23/17 20:11,0.511808991
406,1,0.551178932,6000,6/23/17 20:13,0.551178932
407,1,0.590548873,6000,6/23/17 20:14,0.590548873
408,1,0.629918754,6000,6/23/17 20:14,0.629918754
409,1,0.669288695,6000,6/23/17 20:15,0.669288695
410,1,0.708658636,6000,6/23/17 20:15,0.708658636
411,1,0.748028576,6000,6/23/17 20:16,0.748028576
412,1,0.787398458,6000,6/23/17 20:18,0.787398458
413,1,0.826768398,6000,6/23/17 20:20,0.826768398
414,1,0.866138339,6000,6/23/17 20:22,0.866138339
415,1,0.90550822,6000,6/23/17 20:24,0.90550822
416,1,0.944878161,6000,6/23/17 20:24,0.944878161
417,1,0.984248102,6000,6/23/17 20:25,0.984248102
418,1,1.023617983,6000,6/23/17 20:26,1.023617983
419,1,1.062987924,6000,6/23/17 20:27,1.062987924
420,1,1.102357864,6000,6/23/17 20:28,1.102357864
421,1,1.141727805,6000,6/23/17 20:28,1.141727805
422,1,1.181097746,6000,6/23/17 20:29,1.181097746
423,1,1.220467687,6000,6/23/17 20:30,1.220467687
424,1,1.259837508,6000,6/23/17 20:31,1.259837508
425,1,1.299207449,6000,6/23/17 20:32,1.299207449
426,1,1.33857739,6000,6/23/17 20:33,1.33857739
427,1,1.37794733,6000,6/23/17 20:33,1.37794733
428,1,1.417317271,6000,6/23/17 20:34,1.417317271
429,1,1.456687212,6000,6/23/17 20:35,1.456687212
430,1,1.496057153,6000,6/23/17 20:35,1.496057153
431,1,1.535426974,6000,6/23/17 20:36,1.535426974
432,1,1.574796915,6000,6/23/17 20:37,1.574796915
433,1,1.614166856,6000,6/23/17 20:38,1.614166856
434,1,1.653536797,6000,6/23/17 20:39,1.653536797
435,1,1.692906737,6000,6/23/17 20:40,1.692906737
436,1,1.732276678,6000,6/23/17 20:41,1.732276678
437,1,1.771646619,6000,6/23/17 20:41,1.771646619
438,1,1.81101644,6000,6/23/17 20:42,1.81101644
439,1,1.850386381,6000,6/23/17 20:42,1.850386381
440,1,1.889756322,6000,6/23/17 20:43,1.889756322
441,1,1.929126263,6000,6/23/17 20:44,1.929126263
442,1,1.968496203,6000,6/23/17 20:45,1.968496203
443,1,2.007866144,6000,6/23/17 20:46,2.007866144
444,1,2.047235966,6000,6/23/17 20:48,2.047235966
445,1,2.086606026,6000,6/23/17 20:50,2.086606026
446,1,2.125975847,6000,6/23/17 20:52,2.125975847
447,1,2.165345907,6000,6/23/17 20:53,2.165345907
448,1,2.204715729,6000,6/23/17 20:55,2.204715729
449,1,2.24408555,6000,6/23/17 20:58,2.24408555
450,1,2.28345561,6000,6/23/17 21:03,2.28345561
451,1,2.322825432,6000,6/23/17 21:08,2.322825432
452,1,2.362195492,6000,6/23/17 21:14,2.362195492
453,1,2.401565313,6000,6/24/17 1:41,2.401565313
454,1,2.440935373,6000,6/24/17 1:44,2.440935373
455,1,2.480305195,6000,6/24/17 1:45,2.480305195
456,1,2.519675016,6000,6/24/17 1:47,2.519675016
457,1,2.559045076,6000,6/24/17 1:47,2.559045076
458,1,2.598414898,6000,6/24/17 1:48,2.598414898
459,1,2.637784958,6000,6/24/17 1:49,2.637784958
460,1,2.677154779,6000,6/24/17 1:49,2.677154779
461,1,2.716524839,6000,6/24/17 1:50,2.716524839
462,1,2.755894661,6000,6/24/17 1:50,2.755894661
463,1,2.795264482,6000,6/24/17 1:50,2.795264482
464,1,2.834634542,6000,6/24/17 1:51,2.834634542
465,1,2.874004364,6000,6/24/17 1:52,2.874004364
466,1,2.913374424,6000,6/24/17 1:52,2.913374424
467,1,2.952744246,6000,6/24/17 1:53,2.952744246
468,1,2.992114305,6000,6/24/17 1:54,2.992114305
469,1,3.031484127,6000,6/24/17 1:55,3.031484127
470,1,3.070853949,6000,6/24/17 1:55,3.070853949
471,1,3.110224009,6000,6/24/17 1:56,3.110224009
472,1,3.14959383,6000,6/24/17 1:56,3.14959383
473,1,3.18896389,6000,6/24/17 1:57,3.18896389
474,1,3.228333712,6000,6/24/17 1:57,3.228333712
475,1,3.267703772,6000,6/24/17 1:58,3.267703772
476,1,3.307073593,6000,6/24/17 1:59,3.307073593
477,1,3.346443415,6000,6/24/17 1:59,3.346443415
478,1,3.385813475,6000,6/24/17 2:00,3.385813475
479,1,3.425183296,6000,6/24/17 2:01,3.425183296
480,1,3.464553356,6000,6/24/17 2:02,3.464553356
481,1,3.503923178,6000,6/24/17 2:03,3.503923178
482,1,3.543293238,6000,6/24/17 2:04,3.543293238
483,1,3.582663059,6000,6/24/17 2:05,3.582663059
484,1,3.622032881,6000,6/24/17 2:07,3.622032881
485,1,3.661402941,6000,6/24/17 2:08,3.661402941
486,1,3.700772762,6000,6/24/17 2:11,3.700772762
487,1,3.740142822,6000,6/24/17 2:13,3.740142822
488,1,3.779512644,6000,6/24/17 2:16,3.779512644
489,1,3.818882704,6000,6/24/17 2:19,3.818882704
490,1,3.858252525,6000,6/24/17 2:22,3.858252525
491,1,3.897622347,6000,6/24/17 2:23,3.897622347
492,1,3.936992407,6000,6/24/17 2:24,3.936992407
493,1,4.015732288,6000,6/24/17 2:27,4.015732288
494,1,4.055102348,6000,6/24/17 2:29,4.055102348
495,1,4.094471931,6000,6/24/17 2:30,4.094471931
496,1,4.133841991,6000,6/24/17 2:33,4.133841991
497,1,4.173212051,6000,6/24/17 2:37,4.173212051
498,1,4.212581635,6000,6/24/17 2:44,4.212581635
499,1,4.251951694,6000,6/24/17 2:47,4.251951694
500,1,4.291321754,6000,6/24/17 2:50,4.291321754
501,1,4.330691814,6000,6/24/17 2:54,4.330691814
502,1,4.370061398,6000,6/24/17 2:58,4.370061398
503,1,4.409431458,6000,6/24/17 3:07,4.409431458
504,1,4.448801517,6000,6/24/17 3:20,4.448801517
505,1,4.488171101,6000,6/24/17 3:33,4.488171101
506,1,4.527541161,6000,6/24/17 3:53,4.527541161
507,1,4.566911221,6000,6/24/17 4:11,4.566911221
508,1,4.606281281,6000,6/24/17 4:23,4.606281281
509,1,4.645650864,6000,6/24/17 4:36,4.645650864
510,1,4.685020924,6000,6/24/17 4:54,4.685020924
511,1,4.724390984,6000,6/24/17 5:21,4.724390984
512,1,4.724390984,6000,6/24/17 6:17,4.724390984
513,1,4.724390984,6000,6/24/17 18:15,4.724390984
514,1,4.724390984,6000,6/25/17 6:13,4.724390984
515,1,4.724390984,6000,6/25/17 18:11,4.724390984
516,1,4.724390984,6000,6/26/17 6:09,4.724390984
517,1,4.724390984,6000,6/26/17 18:07,4.724390984
518,1,4.724390984,6000,6/27/17 6:05,4.724390984
519,0,55.59033203,6000,6/27/17 18:02,0
520,1,4.724390984,6000,6/27/17 18:03,4.724390984
521,1,4.724390984,6000,6/28/17 6:01,4.724390984
522,0,48.89744568,6000,6/28/17 15:31,0
523,1,4.724390984,6000,6/28/17 17:59,4.724390984
524,1,4.724390984,6000,6/29/17 5:57,4.724390984
525,0,70.86585999,6000,6/29/17 13:00,0
526,1,4.724390984,6000,6/29/17 17:55,4.724390984
527,1,4.724390984,6000,6/30/17 5:52,4.724390984
528,0,43.62187576,6000,6/30/17 11:58,0
529,1,4.724390984,6000,6/30/17 17:50,4.724390984
530,1,4.763760567,6000,7/1/17 1:03,4.763760567
531,1,4.803130627,6000,7/1/17 2:46,4.803130627
532,1,4.842500687,6000,7/1/17 4:06,4.842500687
533,1,4.881870747,6000,7/1/17 4:41,4.881870747
534,1,4.92124033,6000,7/1/17 4:55,4.92124033
535,1,4.96061039,6000,7/1/17 5:14,4.96061039
536,1,4.99998045,6000,7/1/17 5:29,4.99998045
537,1,4.99998045,6000,7/1/17 5:48,4.99998045
538,1,5.039350033,6000,7/1/17 5:52,5.039350033
539,1,5.039350033,6000,7/1/17 17:46,5.039350033
540,1,5.039350033,6000,7/2/17 5:44,5.039350033
541,1,5.039350033,6000,7/2/17 17:42,5.039350033
542,1,5.039350033,6000,7/3/17 5:40,5.039350033
543,1,5.039350033,6000,7/3/17 17:38,5.039350033
544,1,5.078720093,6000,7/3/17 21:41,5.078720093
545,1,5.118090153,6000,7/3/17 21:43,5.118090153
546,1,5.157460213,6000,7/3/17 21:44,5.157460213
547,1,5.196829796,6000,7/3/17 21:46,5.196829796
548,1,5.236199856,6000,7/3/17 21:51,5.236199856
549,1,5.275569916,6000,7/3/17 21:57,5.275569916
550,1,5.314939499,6000,7/3/17 22:04,5.314939499
551,1,5.354309559,6000,7/3/17 22:09,5.354309559
552,1,5.433049679,6000,7/3/17 22:38,5.433049679
553,1,5.472419262,6000,7/3/17 23:19,5.472419262
554,1,5.511789322,6000,7/3/17 23:42,5.511789322
555,0,79.29102325,6000,7/4/17 5:33,0
556,1,5.511789322,6000,7/4/17 5:36,5.511789322
557,1,5.511789322,6000,7/4/17 17:34,5.511789322
558,1,5.511789322,6000,7/5/17 5:32,5.511789322
559,1,5.551159382,6000,7/5/17 14:04,5.551159382
560,1,5.590528965,6000,7/5/17 14:21,5.590528965
561,1,5.629899025,6000,7/5/17 16:30,5.629899025
562,1,5.629899025,6000,7/5/17 17:30,5.629899025
563,0,40.11795044,6000,7/5/17 19:43,0
564,1,5.669269085,6000,7/5/17 19:47,5.669269085
565,1,5.708639145,6000,7/5/17 20:02,5.708639145
566,1,5.748008728,6000,7/5/17 20:22,5.748008728
567,1,5.787378788,6000,7/5/17 21:37,5.787378788
568,1,5.787378788,6000,7/6/17 5:28,5.787378788
569,0,71.49578094,6000,7/6/17 16:46,0
570,1,5.787378788,6000,7/6/17 17:26,5.787378788
571,1,5.787378788,6000,7/7/17 5:24,5.787378788
572,1,5.826748848,6000,7/7/17 8:39,5.826748848
573,1,5.866118431,6000,7/7/17 8:45,5.866118431
574,1,5.905488491,6000,7/7/17 9:00,5.905488491
575,1,5.905488491,6000,7/7/17 17:22,5.905488491
576,1,5.905488491,6000,7/8/17 5:20,5.905488491
577,0,69.96035767,6000,7/8/17 15:05,0
578,1,5.905488491,6000,7/8/17 17:18,5.905488491
579,1,5.905488491,6000,7/9/17 5:16,5.905488491
580,1,5.905488491,6000,7/9/17 17:14,5.905488491
581,1,5.905488491,6000,7/10/17 5:12,5.905488491
582,1,5.905488491,6000,7/10/17 17:10,5.905488491
583,0,34.01561356,6000,7/10/17 22:19,0
584,1,5.905488491,6000,7/11/17 5:08,5.905488491
585,1,5.905488491,6000,7/11/17 17:05,5.905488491
586,1,5.905488491,6000,7/12/17 5:03,5.905488491
587,1,5.905488491,6000,7/12/17 17:01,5.905488491
588,1,5.905488491,6000,7/13/17 4:59,5.905488491
589,1,5.905488491,6000,7/13/17 16:57,5.905488491
590,1,5.905488491,6000,7/14/17 4:55,5.905488491
591,1,5.905488491,6000,7/14/17 16:53,5.905488491
592,1,5.905488491,6000,7/15/17 4:51,5.905488491
593,0,41.02346039,6000,7/15/17 13:07,0
594,1,5.905488491,6000,7/15/17 16:49,5.905488491
595,1,5.905488491,6000,7/16/17 4:47,5.905488491
596,1,5.905488491,6000,7/16/17 16:45,5.905488491
597,1,5.905488491,6000,7/17/17 4:43,5.905488491
598,1,0.314959377,6000,6/23/17 6:21,0.314959377
599,1,0.314959377,6000,6/23/17 18:19,0.314959377
600,1,0.354329318,6000,6/23/17 20:00,0.354329318
601,1,0.393699229,6000,6/23/17 20:02,0.393699229
602,1,0.43306917,6000,6/23/17 20:04,0.43306917
603,1,0.47243908,6000,6/23/17 20:09,0.47243908
604,1,0.511808991,6000,6/23/17 20:11,0.511808991
605,1,0.551178932,6000,6/23/17 20:13,0.551178932
606,1,0.590548873,6000,6/23/17 20:14,0.590548873
607,1,0.629918754,6000,6/23/17 20:14,0.629918754
608,1,0.669288695,6000,6/23/17 20:15,0.669288695
609,1,0.708658636,6000,6/23/17 20:15,0.708658636
610,1,0.748028576,6000,6/23/17 20:16,0.748028576
611,1,0.787398458,6000,6/23/17 20:18,0.787398458
612,1,0.826768398,6000,6/23/17 20:20,0.826768398
613,1,0.866138339,6000,6/23/17 20:22,0.866138339
614,1,0.90550822,6000,6/23/17 20:24,0.90550822
615,1,0.944878161,6000,6/23/17 20:24,0.944878161
616,1,0.984248102,6000,6/23/17 20:25,0.984248102
617,1,1.023617983,6000,6/23/17 20:26,1.023617983
618,1,1.062987924,6000,6/23/17 20:27,1.062987924
619,1,1.102357864,6000,6/23/17 20:28,1.102357864
620,1,1.141727805,6000,6/23/17 20:28,1.141727805
621,1,1.181097746,6000,6/23/17 20:29,1.181097746
622,1,1.220467687,6000,6/23/17 20:30,1.220467687
623,1,1.259837508,6000,6/23/17 20:31,1.259837508
624,1,1.299207449,6000,6/23/17 20:32,1.299207449
625,1,1.33857739,6000,6/23/17 20:33,1.33857739
626,1,1.37794733,6000,6/23/17 20:33,1.37794733
627,1,1.417317271,6000,6/23/17 20:34,1.417317271
628,1,1.456687212,6000,6/23/17 20:35,1.456687212
629,1,1.496057153,6000,6/23/17 20:35,1.496057153
630,1,1.535426974,6000,6/23/17 20:36,1.535426974
631,1,1.574796915,6000,6/23/17 20:37,1.574796915
632,1,1.614166856,6000,6/23/17 20:38,1.614166856
633,1,1.653536797,6000,6/23/17 20:39,1.653536797
634,1,1.692906737,6000,6/23/17 20:40,1.692906737
635,1,1.732276678,6000,6/23/17 20:41,1.732276678
636,1,1.771646619,6000,6/23/17 20:41,1.771646619
637,1,1.81101644,6000,6/23/17 20:42,1.81101644
638,1,1.850386381,6000,6/23/17 20:42,1.850386381
639,1,1.889756322,6000,6/23/17 20:43,1.889756322
640,1,1.929126263,6000,6/23/17 20:44,1.929126263
641,1,1.968496203,6000,6/23/17 20:45,1.968496203
642,1,2.007866144,6000,6/23/17 20:46,2.007866144
643,1,2.047235966,6000,6/23/17 20:48,2.047235966
644,1,2.086606026,6000,6/23/17 20:50,2.086606026
645,1,2.125975847,6000,6/23/17 20:52,2.125975847
646,1,2.165345907,6000,6/23/17 20:53,2.165345907
647,1,2.204715729,6000,6/23/17 20:55,2.204715729
648,1,2.24408555,6000,6/23/17 20:58,2.24408555
649,1,2.28345561,6000,6/23/17 21:03,2.28345561
650,1,2.322825432,6000,6/23/17 21:08,2.322825432
651,1,2.362195492,6000,6/23/17 21:14,2.362195492
652,1,2.401565313,6000,6/24/17 1:41,2.401565313
653,1,2.440935373,6000,6/24/17 1:44,2.440935373
654,1,2.480305195,6000,6/24/17 1:45,2.480305195
655,1,2.519675016,6000,6/24/17 1:47,2.519675016
656,1,2.559045076,6000,6/24/17 1:47,2.559045076
657,1,2.598414898,6000,6/24/17 1:48,2.598414898
658,1,2.637784958,6000,6/24/17 1:49,2.637784958
659,1,2.677154779,6000,6/24/17 1:49,2.677154779
660,1,2.716524839,6000,6/24/17 1:50,2.716524839
661,1,2.755894661,6000,6/24/17 1:50,2.755894661
662,1,2.795264482,6000,6/24/17 1:50,2.795264482
663,1,2.834634542,6000,6/24/17 1:51,2.834634542
664,1,2.874004364,6000,6/24/17 1:52,2.874004364
665,1,2.913374424,6000,6/24/17 1:52,2.913374424
666,1,2.952744246,6000,6/24/17 1:53,2.952744246
667,1,2.992114305,6000,6/24/17 1:54,2.992114305
668,1,3.031484127,6000,6/24/17 1:55,3.031484127
669,1,3.070853949,6000,6/24/17 1:55,3.070853949
670,1,3.110224009,6000,6/24/17 1:56,3.110224009
671,1,3.14959383,6000,6/24/17 1:56,3.14959383
672,1,3.18896389,6000,6/24/17 1:57,3.18896389
673,1,3.228333712,6000,6/24/17 1:57,3.228333712
674,1,3.267703772,6000,6/24/17 1:58,3.267703772
675,1,3.307073593,6000,6/24/17 1:59,3.307073593
676,1,3.346443415,6000,6/24/17 1:59,3.346443415
677,1,3.385813475,6000,6/24/17 2:00,3.385813475
678,1,3.425183296,6000,6/24/17 2:01,3.425183296
679,1,3.464553356,6000,6/24/17 2:02,3.464553356
680,1,3.503923178,6000,6/24/17 2:03,3.503923178
681,1,3.543293238,6000,6/24/17 2:04,3.543293238
682,1,3.582663059,6000,6/24/17 2:05,3.582663059
683,1,3.622032881,6000,6/24/17 2:07,3.622032881
684,1,3.661402941,6000,6/24/17 2:08,3.661402941
685,1,3.700772762,6000,6/24/17 2:11,3.700772762
686,1,3.740142822,6000,6/24/17 2:13,3.740142822
687,1,3.779512644,6000,6/24/17 2:16,3.779512644
688,1,3.818882704,6000,6/24/17 2:19,3.818882704
689,1,3.858252525,6000,6/24/17 2:22,3.858252525
690,1,3.897622347,6000,6/24/17 2:23,3.897622347
691,1,3.936992407,6000,6/24/17 2:24,3.936992407
692,1,4.015732288,6000,6/24/17 2:27,4.015732288
693,1,4.055102348,6000,6/24/17 2:29,4.055102348
694,1,4.094471931,6000,6/24/17 2:30,4.094471931
695,1,4.133841991,6000,6/24/17 2:33,4.133841991
696,1,4.173212051,6000,6/24/17 2:37,4.173212051
697,1,4.212581635,6000,6/24/17 2:44,4.212581635
698,1,4.251951694,6000,6/24/17 2:47,4.251951694
699,1,4.291321754,6000,6/24/17 2:50,4.291321754
700,1,4.330691814,6000,6/24/17 2:54,4.330691814
701,1,4.370061398,6000,6/24/17 2:58,4.370061398
702,1,4.409431458,6000,6/24/17 3:07,4.409431458
703,1,4.448801517,6000,6/24/17 3:20,4.448801517
704,1,4.488171101,6000,6/24/17 3:33,4.488171101
705,1,4.527541161,6000,6/24/17 3:53,4.527541161
706,1,4.566911221,6000,6/24/17 4:11,4.566911221
707,1,4.606281281,6000,6/24/17 4:23,4.606281281
708,1,4.645650864,6000,6/24/17 4:36,4.645650864
709,1,4.685020924,6000,6/24/17 4:54,4.685020924
710,1,4.724390984,6000,6/24/17 5:21,4.724390984
711,1,4.724390984,6000,6/24/17 6:17,4.724390984
712,1,4.724390984,6000,6/24/17 18:15,4.724390984
713,1,4.724390984,6000,6/25/17 6:13,4.724390984
714,1,4.724390984,6000,6/25/17 18:11,4.724390984
715,1,4.724390984,6000,6/26/17 6:09,4.724390984
716,1,4.724390984,6000,6/26/17 18:07,4.724390984
717,1,4.724390984,6000,6/27/17 6:05,4.724390984
718,0,55.59033203,6000,6/27/17 18:02,0
719,1,4.724390984,6000,6/27/17 18:03,4.724390984
720,1,4.724390984,6000,6/28/17 6:01,4.724390984
721,0,48.89744568,6000,6/28/17 15:31,0
722,1,4.724390984,6000,6/28/17 17:59,4.724390984
723,1,4.724390984,6000,6/29/17 5:57,4.724390984
724,0,70.86585999,6000,6/29/17 13:00,0
725,1,4.724390984,6000,6/29/17 17:55,4.724390984
726,1,4.724390984,6000,6/30/17 5:52,4.724390984
727,0,43.62187576,6000,6/30/17 11:58,0
728,1,4.724390984,6000,6/30/17 17:50,4.724390984
729,1,4.763760567,6000,7/1/17 1:03,4.763760567
730,1,4.803130627,6000,7/1/17 2:46,4.803130627
731,1,4.842500687,6000,7/1/17 4:06,4.842500687
732,1,4.881870747,6000,7/1/17 4:41,4.881870747
733,1,4.92124033,6000,7/1/17 4:55,4.92124033
734,1,4.96061039,6000,7/1/17 5:14,4.96061039
735,1,4.99998045,6000,7/1/17 5:29,4.99998045
736,1,4.99998045,6000,7/1/17 5:48,4.99998045
737,1,5.039350033,6000,7/1/17 5:52,5.039350033
738,1,5.039350033,6000,7/1/17 17:46,5.039350033
739,1,5.039350033,6000,7/2/17 5:44,5.039350033
740,1,5.039350033,6000,7/2/17 17:42,5.039350033
741,1,5.039350033,6000,7/3/17 5:40,5.039350033
742,1,5.039350033,6000,7/3/17 17:38,5.039350033
743,1,5.078720093,6000,7/3/17 21:41,5.078720093
744,1,5.118090153,6000,7/3/17 21:43,5.118090153
745,1,5.157460213,6000,7/3/17 21:44,5.157460213
746,1,5.196829796,6000,7/3/17 21:46,5.196829796
747,1,5.236199856,6000,7/3/17 21:51,5.236199856
748,1,5.275569916,6000,7/3/17 21:57,5.275569916
749,1,5.314939499,6000,7/3/17 22:04,5.314939499
750,1,5.354309559,6000,7/3/17 22:09,5.354309559
751,1,5.433049679,6000,7/3/17 22:38,5.433049679
752,1,5.472419262,6000,7/3/17 23:19,5.472419262
753,1,5.511789322,6000,7/3/17 23:42,5.511789322
754,0,79.29102325,6000,7/4/17 5:33,0
755,1,5.511789322,6000,7/4/17 5:36,5.511789322
756,1,5.511789322,6000,7/4/17 17:34,5.511789322
757,1,5.511789322,6000,7/5/17 5:32,5.511789322
758,1,5.551159382,6000,7/5/17 14:04,5.551159382
759,1,5.590528965,6000,7/5/17 14:21,5.590528965
760,1,5.629899025,6000,7/5/17 16:30,5.629899025
761,1,5.629899025,6000,7/5/17 17:30,5.629899025
762,0,40.11795044,6000,7/5/17 19:43,0
763,1,5.669269085,6000,7/5/17 19:47,5.669269085
764,1,5.708639145,6000,7/5/17 20:02,5.708639145
765,1,5.748008728,6000,7/5/17 20:22,5.748008728
766,1,5.787378788,6000,7/5/17 21:37,5.787378788
767,1,5.787378788,6000,7/6/17 5:28,5.787378788
768,0,71.49578094,6000,7/6/17 16:46,0
769,1,5.787378788,6000,7/6/17 17:26,5.787378788
770,1,5.787378788,6000,7/7/17 5:24,5.787378788
771,1,5.826748848,6000,7/7/17 8:39,5.826748848
772,1,5.866118431,6000,7/7/17 8:45,5.866118431
773,1,5.905488491,6000,7/7/17 9:00,5.905488491
774,1,5.905488491,6000,7/7/17 17:22,5.905488491
775,1,5.905488491,6000,7/8/17 5:20,5.905488491
776,0,69.96035767,6000,7/8/17 15:05,0
777,1,5.905488491,6000,7/8/17 17:18,5.905488491
778,1,5.905488491,6000,7/9/17 5:16,5.905488491
779,1,5.905488491,6000,7/9/17 17:14,5.905488491
780,1,5.905488491,6000,7/10/17 5:12,5.905488491
781,1,5.905488491,6000,7/10/17 17:10,5.905488491
782,0,34.01561356,6000,7/10/17 22:19,0
783,1,5.905488491,6000,7/11/17 5:08,5.905488491
784,1,5.905488491,6000,7/11/17 17:05,5.905488491
785,1,5.905488491,6000,7/12/17 5:03,5.905488491
786,1,5.905488491,6000,7/12/17 17:01,5.905488491
787,1,5.905488491,6000,7/13/17 4:59,5.905488491
788,1,5.905488491,6000,7/13/17 16:57,5.905488491
789,1,5.905488491,6000,7/14/17 4:55,5.905488491
790,1,5.905488491,6000,7/14/17 16:53,5.905488491
791,1,5.905488491,6000,7/15/17 4:51,5.905488491
792,0,41.02346039,6000,7/15/17 13:07,0
793,1,5.905488491,6000,7/15/17 16:49,5.905488491
794,1,5.905488491,6000,7/16/17 4:47,5.905488491
795,1,5.905488491,6000,7/16/17 16:45,5.905488491
796,1,5.905488491,6000,7/17/17 4:43,5.905488491
797,1,0.314959377,6000,6/23/17 6:21,0.314959377
798,1,0.314959377,6000,6/23/17 18:19,0.314959377
799,1,0.354329318,6000,6/23/17 20:00,0.354329318
800,1,0.393699229,6000,6/23/17 20:02,0.393699229
801,1,0.43306917,6000,6/23/17 20:04,0.43306917
802,1,0.47243908,6000,6/23/17 20:09,0.47243908
803,1,0.511808991,6000,6/23/17 20:11,0.511808991
804,1,0.551178932,6000,6/23/17 20:13,0.551178932
805,1,0.590548873,6000,6/23/17 20:14,0.590548873
806,1,0.629918754,6000,6/23/17 20:14,0.629918754
807,1,0.669288695,6000,6/23/17 20:15,0.669288695
808,1,0.708658636,6000,6/23/17 20:15,0.708658636
809,1,0.748028576,6000,6/23/17 20:16,0.748028576
810,1,0.787398458,6000,6/23/17 20:18,0.787398458
811,1,0.826768398,6000,6/23/17 20:20,0.826768398
812,1,0.866138339,6000,6/23/17 20:22,0.866138339
813,1,0.90550822,6000,6/23/17 20:24,0.90550822
814,1,0.944878161,6000,6/23/17 20:24,0.944878161
815,1,0.984248102,6000,6/23/17 20:25,0.984248102
816,1,1.023617983,6000,6/23/17 20:26,1.023617983
817,1,1.062987924,6000,6/23/17 20:27,1.062987924
818,1,1.102357864,6000,6/23/17 20:28,1.102357864
819,1,1.141727805,6000,6/23/17 20:28,1.141727805
820,1,1.181097746,6000,6/23/17 20:29,1.181097746
821,1,1.220467687,6000,6/23/17 20:30,1.220467687
822,1,1.259837508,6000,6/23/17 20:31,1.259837508
823,1,1.299207449,6000,6/23/17 20:32,1.299207449
824,1,1.33857739,6000,6/23/17 20:33,1.33857739
825,1,1.37794733,6000,6/23/17 20:33,1.37794733
826,1,1.417317271,6000,6/23/17 20:34,1.417317271
827,1,1.456687212,6000,6/23/17 20:35,1.456687212
828,1,1.496057153,6000,6/23/17 20:35,1.496057153
829,1,1.535426974,6000,6/23/17 20:36,1.535426974
830,1,1.574796915,6000,6/23/17 20:37,1.574796915
831,1,1.614166856,6000,6/23/17 20:38,1.614166856
832,1,1.653536797,6000,6/23/17 20:39,1.653536797
833,1,1.692906737,6000,6/23/17 20:40,1.692906737
834,1,1.732276678,6000,6/23/17 20:41,1.732276678
835,1,1.771646619,6000,6/23/17 20:41,1.771646619
836,1,1.81101644,6000,6/23/17 20:42,1.81101644
837,1,1.850386381,6000,6/23/17 20:42,1.850386381
838,1,1.889756322,6000,6/23/17 20:43,1.889756322
839,1,1.929126263,6000,6/23/17 20:44,1.929126263
840,1,1.968496203,6000,6/23/17 20:45,1.968496203
841,1,2.007866144,6000,6/23/17 20:46,2.007866144
842,1,2.047235966,6000,6/23/17 20:48,2.047235966
843,1,2.086606026,6000,6/23/17 20:50,2.086606026
844,1,2.125975847,6000,6/23/17 20:52,2.125975847
845,1,2.165345907,6000,6/23/17 20:53,2.165345907
846,1,2.204715729,6000,6/23/17 20:55,2.204715729
847,1,2.24408555,6000,6/23/17 20:58,2.24408555
848,1,2.28345561,6000,6/23/17 21:03,2.28345561
849,1,2.322825432,6000,6/23/17 21:08,2.322825432
850,1,2.362195492,6000,6/23/17 21:14,2.362195492
851,1,2.401565313,6000,6/24/17 1:41,2.401565313
852,1,2.440935373,6000,6/24/17 1:44,2.440935373
853,1,2.480305195,6000,6/24/17 1:45,2.480305195
854,1,2.519675016,6000,6/24/17 1:47,2.519675016
855,1,2.559045076,6000,6/24/17 1:47,2.559045076
856,1,2.598414898,6000,6/24/17 1:48,2.598414898
857,1,2.637784958,6000,6/24/17 1:49,2.637784958
858,1,2.677154779,6000,6/24/17 1:49,2.677154779
859,1,2.716524839,6000,6/24/17 1:50,2.716524839
860,1,2.755894661,6000,6/24/17 1:50,2.755894661
861,1,2.795264482,6000,6/24/17 1:50,2.795264482
862,1,2.834634542,6000,6/24/17 1:51,2.834634542
863,1,2.874004364,6000,6/24/17 1:52,2.874004364
864,1,2.913374424,6000,6/24/17 1:52,2.913374424
865,1,2.952744246,6000,6/24/17 1:53,2.952744246
866,1,2.992114305,6000,6/24/17 1:54,2.992114305
867,1,3.031484127,6000,6/24/17 1:55,3.031484127
868,1,3.070853949,6000,6/24/17 1:55,3.070853949
869,1,3.110224009,6000,6/24/17 1:56,3.110224009
870,1,3.14959383,6000,6/24/17 1:56,3.14959383
871,1,3.18896389,6000,6/24/17 1:57,3.18896389
872,1,3.228333712,6000,6/24/17 1:57,3.228333712
873,1,3.267703772,6000,6/24/17 1:58,3.267703772
874,1,3.307073593,6000,6/24/17 1:59,3.307073593
875,1,3.346443415,6000,6/24/17 1:59,3.346443415
876,1,3.385813475,6000,6/24/17 2:00,3.385813475
877,1,3.425183296,6000,6/24/17 2:01,3.425183296
878,1,3.464553356,6000,6/24/17 2:02,3.464553356
879,1,3.503923178,6000,6/24/17 2:03,3.503923178
880,1,3.543293238,6000,6/24/17 2:04,3.543293238
881,1,3.582663059,6000,6/24/17 2:05,3.582663059
882,1,3.622032881,6000,6/24/17 2:07,3.622032881
883,1,3.661402941,6000,6/24/17 2:08,3.661402941
884,1,3.700772762,6000,6/24/17 2:11,3.700772762
885,1,3.740142822,6000,6/24/17 2:13,3.740142822
886,1,3.779512644,6000,6/24/17 2:16,3.779512644
887,1,3.818882704,6000,6/24/17 2:19,3.818882704
888,1,3.858252525,6000,6/24/17 2:22,3.858252525
889,1,3.897622347,6000,6/24/17 2:23,3.897622347
890,1,3.936992407,6000,6/24/17 2:24,3.936992407
891,1,4.015732288,6000,6/24/17 2:27,4.015732288
892,1,4.055102348,6000,6/24/17 2:29,4.055102348
893,1,4.094471931,6000,6/24/17 2:30,4.094471931
894,1,4.133841991,6000,6/24/17 2:33,4.133841991
895,1,4.173212051,6000,6/24/17 2:37,4.173212051
896,1,4.212581635,6000,6/24/17 2:44,4.212581635
897,1,4.251951694,6000,6/24/17 2:47,4.251951694
898,1,4.291321754,6000,6/24/17 2:50,4.291321754
899,1,4.330691814,6000,6/24/17 2:54,4.330691814
900,1,4.370061398,6000,6/24/17 2:58,4.370061398
901,1,4.409431458,6000,6/24/17 3:07,4.409431458
902,1,4.448801517,6000,6/24/17 3:20,4.448801517
903,1,4.488171101,6000,6/24/17 3:33,4.488171101
904,1,4.527541161,6000,6/24/17 3:53,4.527541161
905,1,4.566911221,6000,6/24/17 4:11,4.566911221
906,1,4.606281281,6000,6/24/17 4:23,4.606281281
907,1,4.645650864,6000,6/24/17 4:36,4.645650864
908,1,4.685020924,6000,6/24/17 4:54,4.685020924
909,1,4.724390984,6000,6/24/17 5:21,4.724390984
910,1,4.724390984,6000,6/24/17 6:17,4.724390984
911,1,4.724390984,6000,6/24/17 18:15,4.724390984
912,1,4.724390984,6000,6/25/17 6:13,4.724390984
913,1,4.724390984,6000,6/25/17 18:11,4.724390984
914,1,4.724390984,6000,6/26/17 6:09,4.724390984
915,1,4.724390984,6000,6/26/17 18:07,4.724390984
916,1,4.724390984,6000,6/27/17 6:05,4.724390984
917,0,55.59033203,6000,6/27/17 18:02,0
918,1,4.724390984,6000,6/27/17 18:03,4.724390984
919,1,4.724390984,6000,6/28/17 6:01,4.724390984
920,0,48.89744568,6000,6/28/17 15:31,0
921,1,4.724390984,6000,6/28/17 17:59,4.724390984
922,1,4.724390984,6000,6/29/17 5:57,4.724390984
923,0,70.86585999,6000,6/29/17 13:00,0
924,1,4.724390984,6000,6/29/17 17:55,4.724390984
925,1,4.724390984,6000,6/30/17 5:52,4.724390984
926,0,43.62187576,6000,6/30/17 11:58,0
927,1,4.724390984,6000,6/30/17 17:50,4.724390984
928,1,4.763760567,6000,7/1/17 1:03,4.763760567
929,1,4.803130627,6000,7/1/17 2:46,4.803130627
930,1,4.842500687,6000,7/1/17 4:06,4.842500687
931,1,4.881870747,6000,7/1/17 4:41,4.881870747
932,1,4.92124033,6000,7/1/17 4:55,4.92124033
933,1,4.96061039,6000,7/1/17 5:14,4.96061039
934,1,4.99998045,6000,7/1/17 5:29,4.99998045
935,1,4.99998045,6000,7/1/17 5:48,4.99998045
936,1,5.039350033,6000,7/1/17 5:52,5.039350033
937,1,5.039350033,6000,7/1/17 17:46,5.039350033
938,1,5.039350033,6000,7/2/17 5:44,5.039350033
939,1,5.039350033,6000,7/2/17 17:42,5.039350033
940,1,5.039350033,6000,7/3/17 5:40,5.039350033
941,1,5.039350033,6000,7/3/17 17:38,5.039350033
942,1,5.078720093,6000,7/3/17 21:41,5.078720093
943,1,5.118090153,6000,7/3/17 21:43,5.118090153
944,1,5.157460213,6000,7/3/17 21:44,5.157460213
945,1,5.196829796,6000,7/3/17 21:46,5.196829796
946,1,5.236199856,6000,7/3/17 21:51,5.236199856
947,1,5.275569916,6000,7/3/17 21:57,5.275569916
948,1,5.314939499,6000,7/3/17 22:04,5.314939499
949,1,5.354309559,6000,7/3/17 22:09,5.354309559
950,1,5.433049679,6000,7/3/17 22:38,5.433049679
951,1,5.472419262,6000,7/3/17 23:19,5.472419262
952,1,5.511789322,6000,7/3/17 23:42,5.511789322
953,0,79.29102325,6000,7/4/17 5:33,0
954,1,5.511789322,6000,7/4/17 5:36,5.511789322
955,1,5.511789322,6000,7/4/17 17:34,5.511789322
956,1,5.511789322,6000,7/5/17 5:32,5.511789322
957,1,5.551159382,6000,7/5/17 14:04,5.551159382
958,1,5.590528965,6000,7/5/17 14:21,5.590528965
959,1,5.629899025,6000,7/5/17 16:30,5.629899025
960,1,5.629899025,6000,7/5/17 17:30,5.629899025
961,0,40.11795044,6000,7/5/17 19:43,0
962,1,5.669269085,6000,7/5/17 19:47,5.669269085
963,1,5.708639145,6000,7/5/17 20:02,5.708639145
964,1,5.748008728,6000,7/5/17 20:22,5.748008728
965,1,5.787378788,6000,7/5/17 21:37,5.787378788
966,1,5.787378788,6000,7/6/17 5:28,5.787378788
967,0,71.49578094,6000,7/6/17 16:46,0
968,1,5.787378788,6000,7/6/17 17:26,5.787378788
969,1,5.787378788,6000,7/7/17 5:24,5.787378788
970,1,5.826748848,6000,7/7/17 8:39,5.826748848
971,1,5.866118431,6000,7/7/17 8:45,5.866118431
972,1,5.905488491,6000,7/7/17 9:00,5.905488491
973,1,5.905488491,6000,7/7/17 17:22,5.905488491
974,1,5.905488491,6000,7/8/17 5:20,5.905488491
975,0,69.96035767,6000,7/8/17 15:05,0
976,1,5.905488491,6000,7/8/17 17:18,5.905488491
977,1,5.905488491,6000,7/9/17 5:16,5.905488491
978,1,5.905488491,6000,7/9/17 17:14,5.905488491
979,1,5.905488491,6000,7/10/17 5:12,5.905488491
980,1,5.905488491,6000,7/10/17 17:10,5.905488491
981,0,34.01561356,6000,7/10/17 22:19,0
982,1,5.905488491,6000,7/11/17 5:08,5.905488491
983,1,5.905488491,6000,7/11/17 17:05,5.905488491
984,1,5.905488491,6000,7/12/17 5:03,5.905488491
985,1,5.905488491,6000,7/12/17 17:01,5.905488491
986,1,5.905488491,6000,7/13/17 4:59,5.905488491
987,1,5.905488491,6000,7/13/17 16:57,5.905488491
988,1,5.905488491,6000,7/14/17 4:55,5.905488491
989,1,5.905488491,6000,7/14/17 16:53,5.905488491
990,1,5.905488491,6000,7/15/17 4:51,5.905488491
991,0,41.02346039,6000,7/15/17 13:07,0
992,1,5.905488491,6000,7/15/17 16:49,5.905488491
993,1,5.905488491,6000,7/16/17 4:47,5.905488491
994,1,5.905488491,6000,7/16/17 16:45,5.905488491
995,1,5.905488491,6000,7/17/17 4:43,5.905488491
996,1,0.314959377,6000,6/23/17 6:21,0.314959377
997,1,0.314959377,6000,6/23/17 18:19,0.314959377
998,1,0.354329318,6000,6/23/17 20:00,0.354329318
999,1,0.393699229,6000,6/23/17 20:02,0.393699229
1000,1,0.43306917,6000,6/23/17 20:04,0.43306917
1001,1,0.47243908,6000,6/23/17 20:09,0.47243908
1002,1,0.511808991,6000,6/23/17 20:11,0.511808991
1003,1,0.551178932,6000,6/23/17 20:13,0.551178932
1004,1,0.590548873,6000,6/23/17 20:14,0.590548873
1005,1,0.629918754,6000,6/23/17 20:14,0.629918754
1006,1,0.669288695,6000,6/23/17 20:15,0.669288695
1007,1,0.708658636,6000,6/23/17 20:15,0.708658636
1008,1,0.748028576,6000,6/23/17 20:16,0.748028576
1009,1,0.787398458,6000,6/23/17 20:18,0.787398458
1010,1,0.826768398,6000,6/23/17 20:20,0.826768398
1011,1,0.866138339,6000,6/23/17 20:22,0.866138339
1012,1,0.90550822,6000,6/23/17 20:24,0.90550822
1013,1,0.944878161,6000,6/23/17 20:24,0.944878161
1014,1,0.984248102,6000,6/23/17 20:25,0.984248102
1015,1,1.023617983,6000,6/23/17 20:26,1.023617983
1016,1,1.062987924,6000,6/23/17 20:27,1.062987924
1017,1,1.102357864,6000,6/23/17 20:28,1.102357864
1018,1,1.141727805,6000,6/23/17 20:28,1.141727805
1019,1,1.181097746,6000,6/23/17 20:29,1.181097746
1020,1,1.220467687,6000,6/23/17 20:30,1.220467687
1021,1,1.259837508,6000,6/23/17 20:31,1.259837508
1022,1,1.299207449,6000,6/23/17 20:32,1.299207449
1023,1,1.33857739,6000,6/23/17 20:33,1.33857739
1024,1,1.37794733,6000,6/23/17 20:33,1.37794733
1025,1,1.417317271,6000,6/23/17 20:34,1.417317271
1026,1,1.456687212,6000,6/23/17 20:35,1.456687212
1027,1,1.496057153,6000,6/23/17 20:35,1.496057153
1028,1,1.535426974,6000,6/23/17 20:36,1.535426974
1029,1,1.574796915,6000,6/23/17 20:37,1.574796915
1030,1,1.614166856,6000,6/23/17 20:38,1.614166856
1031,1,1.653536797,6000,6/23/17 20:39,1.653536797
1032,1,1.692906737,6000,6/23/17 20:40,1.692906737
1033,1,1.732276678,6000,6/23/17 20:41,1.732276678
1034,1,1.771646619,6000,6/23/17 20:41,1.771646619
1035,1,1.81101644,6000,6/23/17 20:42,1.81101644
1036,1,1.850386381,6000,6/23/17 20:42,1.850386381
1037,1,1.889756322,6000,6/23/17 20:43,1.889756322
1038,1,1.929126263,6000,6/23/17 20:44,1.929126263
1039,1,1.968496203,6000,6/23/17 20:45,1.968496203
1040,1,2.007866144,6000,6/23/17 20:46,2.007866144
1041,1,2.047235966,6000,6/23/17 20:48,2.047235966
1042,1,2.086606026,6000,6/23/17 20:50,2.086606026
1043,1,2.125975847,6000,6/23/17 20:52,2.125975847
1044,1,2.165345907,6000,6/23/17 20:53,2.165345907
1045,1,2.204715729,6000,6/23/17 20:55,2.204715729
1046,1,2.24408555,6000,6/23/17 20:58,2.24408555
1047,1,2.28345561,6000,6/23/17 21:03,2.28345561
1048,1,2.322825432,6000,6/23/17 21:08,2.322825432
1049,1,2.362195492,6000,6/23/17 21:14,2.362195492
1050,1,2.401565313,6000,6/24/17 1:41,2.401565313
1051,1,2.440935373,6000,6/24/17 1:44,2.440935373
1052,1,2.480305195,6000,6/24/17 1:45,2.480305195
1053,1,2.519675016,6000,6/24/17 1:47,2.519675016
1054,1,2.559045076,6000,6/24/17 1:47,2.559045076
1055,1,2.598414898,6000,6/24/17 1:48,2.598414898
1056,1,2.637784958,6000,6/24/17 1:49,2.637784958
1057,1,2.677154779,6000,6/24/17 1:49,2.677154779
1058,1,2.716524839,6000,6/24/17 1:50,2.716524839
1059,1,2.755894661,6000,6/24/17 1:50,2.755894661
1060,1,2.795264482,6000,6/24/17 1:50,2.795264482
1061,1,2.834634542,6000,6/24/17 1:51,2.834634542
1062,1,2.874004364,6000,6/24/17 1:52,2.874004364
1063,1,2.913374424,6000,6/24/17 1:52,2.913374424
1064,1,2.952744246,6000,6/24/17 1:53,2.952744246
1065,1,2.992114305,6000,6/24/17 1:54,2.992114305
1066,1,3.031484127,6000,6/24/17 1:55,3.031484127
1067,1,3.070853949,6000,6/24/17 1:55,3.070853949
1068,1,3.110224009,6000,6/24/17 1:56,3.110224009
1069,1,3.14959383,6000,6/24/17 1:56,3.14959383
1070,1,3.18896389,6000,6/24/17 1:57,3.18896389
1071,1,3.228333712,6000,6/24/17 1:57,3.228333712
1072,1,3.267703772,6000,6/24/17 1:58,3.267703772
1073,1,3.307073593,6000,6/24/17 1:59,3.307073593
1074,1,3.346443415,6000,6/24/17 1:59,3.346443415
1075,1,3.385813475,6000,6/24/17 2:00,3.385813475
1076,1,3.425183296,6000,6/24/17 2:01,3.425183296
1077,1,3.464553356,6000,6/24/17 2:02,3.464553356
1078,1,3.503923178,6000,6/24/17 2:03,3.503923178
1079,1,3.543293238,6000,6/24/17 2:04,3.543293238
1080,1,3.582663059,6000,6/24/17 2:05,3.582663059
1081,1,3.622032881,6000,6/24/17 2:07,3.622032881
1082,1,3.661402941,6000,6/24/17 2:08,3.661402941
1083,1,3.700772762,6000,6/24/17 2:11,3.700772762
1084,1,3.740142822,6000,6/24/17 2:13,3.740142822
1085,1,3.779512644,6000,6/24/17 2:16,3.779512644
1086,1,3.818882704,6000,6/24/17 2:19,3.818882704
1087,1,3.858252525,6000,6/24/17 2:22,3.858252525
1088,1,3.897622347,6000,6/24/17 2:23,3.897622347
1089,1,3.936992407,6000,6/24/17 2:24,3.936992407
1090,1,4.015732288,6000,6/24/17 2:27,4.015732288
1091,1,4.055102348,6000,6/24/17 2:29,4.055102348
1092,1,4.094471931,6000,6/24/17 2:30,4.094471931
1093,1,4.133841991,6000,6/24/17 2:33,4.133841991
1094,1,4.173212051,6000,6/24/17 2:37,4.173212051
1095,1,4.212581635,6000,6/24/17 2:44,4.212581635
1096,1,4.251951694,6000,6/24/17 2:47,4.251951694
1097,1,4.291321754,6000,6/24/17 2:50,4.291321754
1098,1,4.330691814,6000,6/24/17 2:54,4.330691814
1099,1,4.370061398,6000,6/24/17 2:58,4.370061398
1100,1,4.409431458,6000,6/24/17 3:07,4.409431458
1101,1,4.448801517,6000,6/24/17 3:20,4.448801517
1102,1,4.488171101,6000,6/24/17 3:33,4.488171101
1103,1,4.527541161,6000,6/24/17 3:53,4.527541161
1104,1,4.566911221,6000,6/24/17 4:11,4.566911221
1105,1,4.606281281,6000,6/24/17 4:23,4.606281281
1106,1,4.645650864,6000,6/24/17 4:36,4.645650864
1107,1,4.685020924,6000,6/24/17 4:54,4.685020924
1108,1,4.724390984,6000,6/24/17 5:21,4.724390984
1109,1,4.724390984,6000,6/24/17 6:17,4.724390984
1110,1,4.724390984,6000,6/24/17 18:15,4.724390984
1111,1,4.724390984,6000,6/25/17 6:13,4.724390984
1112,1,4.724390984,6000,6/25/17 18:11,4.724390984
1113,1,4.724390984,6000,6/26/17 6:09,4.724390984
1114,1,4.724390984,6000,6/26/17 18:07,4.724390984
1115,1,4.724390984,6000,6/27/17 6:05,4.724390984
1116,0,55.59033203,6000,6/27/17 18:02,0
1117,1,4.724390984,6000,6/27/17 18:03,4.724390984
1118,1,4.724390984,6000,6/28/17 6:01,4.724390984
1119,0,48.89744568,6000,6/28/17 15:31,0
1120,1,4.724390984,6000,6/28/17 17:59,4.724390984
1121,1,4.724390984,6000,6/29/17 5:57,4.724390984
1122,0,70.86585999,6000,6/29/17 13:00,0
1123,1,4.724390984,6000,6/29/17 17:55,4.724390984
1124,1,4.724390984,6000,6/30/17 5:52,4.724390984
1125,0,43.62187576,6000,6/30/17 11:58,0
1126,1,4.724390984,6000,6/30/17 17:50,4.724390984
1127,1,4.763760567,6000,7/1/17 1:03,4.763760567
1128,1,4.803130627,6000,7/1/17 2:46,4.803130627
1129,1,4.842500687,6000,7/1/17 4:06,4.842500687
1130,1,4.881870747,6000,7/1/17 4:41,4.881870747
1131,1,4.92124033,6000,7/1/17 4:55,4.92124033
1132,1,4.96061039,6000,7/1/17 5:14,4.96061039
1133,1,4.99998045,6000,7/1/17 5:29,4.99998045
1134,1,4.99998045,6000,7/1/17 5:48,4.99998045
1135,1,5.039350033,6000,7/1/17 5:52,5.039350033
1136,1,5.039350033,6000,7/1/17 17:46,5.039350033
1137,1,5.039350033,6000,7/2/17 5:44,5.039350033
1138,1,5.039350033,6000,7/2/17 17:42,5.039350033
1139,1,5.039350033,6000,7/3/17 5:40,5.039350033
1140,1,5.039350033,6000,7/3/17 17:38,5.039350033
1141,1,5.078720093,6000,7/3/17 21:41,5.078720093
1142,1,5.118090153,6000,7/3/17 21:43,5.118090153
1143,1,5.157460213,6000,7/3/17 21:44,5.157460213
1144,1,5.196829796,6000,7/3/17 21:46,5.196829796
1145,1,5.236199856,6000,7/3/17 21:51,5.236199856
1146,1,5.275569916,6000,7/3/17 21:57,5.275569916
1147,1,5.314939499,6000,7/3/17 22:04,5.314939499
1148,1,5.354309559,6000,7/3/17 22:09,5.354309559
1149,1,5.433049679,6000,7/3/17 22:38,5.433049679
1150,1,5.472419262,6000,7/3/17 23:19,5.472419262
1151,1,5.511789322,6000,7/3/17 23:42,5.511789322
1152,0,79.29102325,6000,7/4/17 5:33,0
1153,1,5.511789322,6000,7/4/17 5:36,5.511789322
1154,1,5.511789322,6000,7/4/17 17:34,5.511789322
1155,1,5.511789322,6000,7/5/17 5:32,5.511789322
1156,1,5.551159382,6000,7/5/17 14:04,5.551159382
1157,1,5.590528965,6000,7/5/17 14:21,5.590528965
1158,1,5.629899025,6000,7/5/17 16:30,5.629899025
1159,1,5.629899025,6000,7/5/17 17:30,5.629899025
1160,0,40.11795044,6000,7/5/17 19:43,0
1161,1,5.669269085,6000,7/5/17 19:47,5.669269085
1162,1,5.708639145,6000,7/5/17 20:02,5.708639145
1163,1,5.748008728,6000,7/5/17 20:22,5.748008728
1164,1,5.787378788,6000,7/5/17 21:37,5.787378788
1165,1,5.787378788,6000,7/6/17 5:28,5.787378788
1166,0,71.49578094,6000,7/6/17 16:46,0
1167,1,5.787378788,6000,7/6/17 17:26,5.787378788
1168,1,5.787378788,6000,7/7/17 5:24,5.787378788
1169,1,5.826748848,6000,7/7/17 8:39,5.826748848
1170,1,5.866118431,6000,7/7/17 8:45,5.866118431
1171,1,5.905488491,6000,7/7/17 9:00,5.905488491
1172,1,5.905488491,6000,7/7/17 17:22,5.905488491
1173,1,5.905488491,6000,7/8/17 5:20,5.905488491
1174,0,69.96035767,6000,7/8/17 15:05,0
1175,1,5.905488491,6000,7/8/17 17:18,5.905488491
1176,1,5.905488491,6000,7/9/17 5:16,5.905488491
1177,1,5.905488491,6000,7/9/17 17:14,5.905488491
1178,1,5.905488491,6000,7/10/17 5:12,5.905488491
1179,1,5.905488491,6000,7/10/17 17:10,5.905488491
1180,0,34.01561356,6000,7/10/17 22:19,0
1181,1,5.905488491,6000,7/11/17 5:08,5.905488491
1182,1,5.905488491,6000,7/11/17 17:05,5.905488491
1183,1,5.905488491,6000,7/12/17 5:03,5.905488491
1184,1,5.905488491,6000,7/12/17 17:01,5.905488491
1185,1,5.905488491,6000,7/13/17 4:59,5.905488491
1186,1,5.905488491,6000,7/13/17 16:57,5.905488491
1187,1,5.905488491,6000,7/14/17 4:55,5.905488491
1188,1,5.905488491,6000,7/14/17 16:53,5.905488491
1189,1,5.905488491,6000,7/15/17 4:51,5.905488491
1190,0,41.02346039,6000,7/15/17 13:07,0
1191,1,5.905488491,6000,7/15/17 16:49,5.905488491
1192,1,5.905488491,6000,7/16/17 4:47,5.905488491
1193,1,5.905488491,6000,7/16/17 16:45,5.905488491
1194,1,5.905488491,6000,7/17/17 4:43,5.905488491
1195,1,0.314959377,6000,6/23/17 6:21,0.314959377
1196,1,0.314959377,6000,6/23/17 18:19,0.314959377
1197,1,0.354329318,6000,6/23/17 20:00,0.354329318
1198,1,0.393699229,6000,6/23/17 20:02,0.393699229
1199,1,0.43306917,6000,6/23/17 20:04,0.43306917
1200,1,0.47243908,6000,6/23/17 20:09,0.47243908
1201,1,0.511808991,6000,6/23/17 20:11,0.511808991
1202,1,0.551178932,6000,6/23/17 20:13,0.551178932
1203,1,0.590548873,6000,6/23/17 20:14,0.590548873
1204,1,0.629918754,6000,6/23/17 20:14,0.629918754
1205,1,0.669288695,6000,6/23/17 20:15,0.669288695
1206,1,0.708658636,6000,6/23/17 20:15,0.708658636
1207,1,0.748028576,6000,6/23/17 20:16,0.748028576
1208,1,0.787398458,6000,6/23/17 20:18,0.787398458
1209,1,0.826768398,6000,6/23/17 20:20,0.826768398
1210,1,0.866138339,6000,6/23/17 20:22,0.866138339
1211,1,0.90550822,6000,6/23/17 20:24,0.90550822
1212,1,0.944878161,6000,6/23/17 20:24,0.944878161
1213,1,0.984248102,6000,6/23/17 20:25,0.984248102
1214,1,1.023617983,6000,6/23/17 20:26,1.023617983
1215,1,1.062987924,6000,6/23/17 20:27,1.062987924
1216,1,1.102357864,6000,6/23/17 20:28,1.102357864
1217,1,1.141727805,6000,6/23/17 20:28,1.141727805
1218,1,1.181097746,6000,6/23/17 20:29,1.181097746
1219,1,1.220467687,6000,6/23/17 20:30,1.220467687
1220,1,1.259837508,6000,6/23/17 20:31,1.259837508
1221,1,1.299207449,6000,6/23/17 20:32,1.299207449
1222,1,1.33857739,6000,6/23/17 20:33,1.33857739
1223,1,1.37794733,6000,6/23/17 20:33,1.37794733
1224,1,1.417317271,6000,6/23/17 20:34,1.417317271
1225,1,1.456687212,6000,6/23/17 20:35,1.456687212
1226,1,1.496057153,6000,6/23/17 20:35,1.496057153
1227,1,1.535426974,6000,6/23/17 20:36,1.535426974
1228,1,1.574796915,6000,6/23/17 20:37,1.574796915
1229,1,1.614166856,6000,6/23/17 20:38,1.614166856
1230,1,1.653536797,6000,6/23/17 20:39,1.653536797
1231,1,1.692906737,6000,6/23/17 20:40,1.692906737
1232,1,1.732276678,6000,6/23/17 20:41,1.732276678
1233,1,1.771646619,6000,6/23/17 20:41,1.771646619
1234,1,1.81101644,6000,6/23/17 20:42,1.81101644
1235,1,1.850386381,6000,6/23/17 20:42,1.850386381
1236,1,1.889756322,6000,6/23/17 20:43,1.889756322
1237,1,1.929126263,6000,6/23/17 20:44,1.929126263
1238,1,1.968496203,6000,6/23/17 20:45,1.968496203
1239,1,2.007866144,6000,6/23/17 20:46,2.007866144
1240,1,2.047235966,6000,6/23/17 20:48,2.047235966
1241,1,2.086606026,6000,6/23/17 20:50,2.086606026
1242,1,2.125975847,6000,6/23/17 20:52,2.125975847
1243,1,2.165345907,6000,6/23/17 20:53,2.165345907
1244,1,2.204715729,6000,6/23/17 20:55,2.204715729
1245,1,2.24408555,6000,6/23/17 20:58,2.24408555
1246,1,2.28345561,6000,6/23/17 21:03,2.28345561
1247,1,2.322825432,6000,6/23/17 21:08,2.322825432
1248,1,2.362195492,6000,6/23/17 21:14,2.362195492
1249,1,2.401565313,6000,6/24/17 1:41,2.401565313
1250,1,2.440935373,6000,6/24/17 1:44,2.440935373
1251,1,2.480305195,6000,6/24/17 1:45,2.480305195
1252,1,2.519675016,6000,6/24/17 1:47,2.519675016
1253,1,2.559045076,6000,6/24/17 1:47,2.559045076
1254,1,2.598414898,6000,6/24/17 1:48,2.598414898
1255,1,2.637784958,6000,6/24/17 1:49,2.637784958
1256,1,2.677154779,6000,6/24/17 1:49,2.677154779
1257,1,2.716524839,6000,6/24/17 1:50,2.716524839
1258,1,2.755894661,6000,6/24/17 1:50,2.755894661
1259,1,2.795264482,6000,6/24/17 1:50,2.795264482
1260,1,2.834634542,6000,6/24/17 1:51,2.834634542
1261,1,2.874004364,6000,6/24/17 1:52,2.874004364
1262,1,2.913374424,6000,6/24/17 1:52,2.913374424
1263,1,2.952744246,6000,6/24/17 1:53,2.952744246
1264,1,2.992114305,6000,6/24/17 1:54,2.992114305
1265,1,3.031484127,6000,6/24/17 1:55,3.031484127
1266,1,3.070853949,6000,6/24/17 1:55,3.070853949
1267,1,3.110224009,6000,6/24/17 1:56,3.110224009
1268,1,3.14959383,6000,6/24/17 1:56,3.14959383
1269,1,3.18896389,6000,6/24/17 1:57,3.18896389
1270,1,3.228333712,6000,6/24/17 1:57,3.228333712
1271,1,3.267703772,6000,6/24/17 1:58,3.267703772
1272,1,3.307073593,6000,6/24/17 1:59,3.307073593
1273,1,3.346443415,6000,6/24/17 1:59,3.346443415
1274,1,3.385813475,6000,6/24/17 2:00,3.385813475
1275,1,3.425183296,6000,6/24/17 2:01,3.425183296
1276,1,3.464553356,6000,6/24/17 2:02,3.464553356
1277,1,3.503923178,6000,6/24/17 2:03,3.503923178
1278,1,3.543293238,6000,6/24/17 2:04,3.543293238
1279,1,3.582663059,6000,6/24/17 2:05,3.582663059
1280,1,3.622032881,6000,6/24/17 2:07,3.622032881
1281,1,3.661402941,6000,6/24/17 2:08,3.661402941
1282,1,3.700772762,6000,6/24/17 2:11,3.700772762
1283,1,3.740142822,6000,6/24/17 2:13,3.740142822
1284,1,3.779512644,6000,6/24/17 2:16,3.779512644
1285,1,3.818882704,6000,6/24/17 2:19,3.818882704
1286,1,3.858252525,6000,6/24/17 2:22,3.858252525
1287,1,3.897622347,6000,6/24/17 2:23,3.897622347
1288,1,3.936992407,6000,6/24/17 2:24,3.936992407
1289,1,4.015732288,6000,6/24/17 2:27,4.015732288
1290,1,4.055102348,6000,6/24/17 2:29,4.055102348
1291,1,4.094471931,6000,6/24/17 2:30,4.094471931
1292,1,4.133841991,6000,6/24/17 2:33,4.133841991
1293,1,4.173212051,6000,6/24/17 2:37,4.173212051
1294,1,4.212581635,6000,6/24/17 2:44,4.212581635
1295,1,4.251951694,6000,6/24/17 2:47,4.251951694
1296,1,4.291321754,6000,6/24/17 2:50,4.291321754
1297,1,4.330691814,6000,6/24/17 2:54,4.330691814
1298,1,4.370061398,6000,6/24/17 2:58,4.370061398
1299,1,4.409431458,6000,6/24/17 3:07,4.409431458
1300,1,4.448801517,6000,6/24/17 3:20,4.448801517
1301,1,4.488171101,6000,6/24/17 3:33,4.488171101
1302,1,4.527541161,6000,6/24/17 3:53,4.527541161
1303,1,4.566911221,6000,6/24/17 4:11,4.566911221
1304,1,4.606281281,6000,6/24/17 4:23,4.606281281
1305,1,4.645650864,6000,6/24/17 4:36,4.645650864
1306,1,4.685020924,6000,6/24/17 4:54,4.685020924
1307,1,4.724390984,6000,6/24/17 5:21,4.724390984
1308,1,4.724390984,6000,6/24/17 6:17,4.724390984
1309,1,4.724390984,6000,6/24/17 18:15,4.724390984
1310,1,4.724390984,6000,6/25/17 6:13,4.724390984
1311,1,4.724390984,6000,6/25/17 18:11,4.724390984
1312,1,4.724390984,6000,6/26/17 6:09,4.724390984
1313,1,4.724390984,6000,6/26/17 18:07,4.724390984
1314,1,4.724390984,6000,6/27/17 6:05,4.724390984
1315,0,55.59033203,6000,6/27/17 18:02,0
1316,1,4.724390984,6000,6/27/17 18:03,4.724390984
1317,1,4.724390984,6000,6/28/17 6:01,4.724390984
1318,0,48.89744568,6000,6/28/17 15:31,0
1319,1,4.724390984,6000,6/28/17 17:59,4.724390984
1320,1,4.724390984,6000,6/29/17 5:57,4.724390984
1321,0,70.86585999,6000,6/29/17 13:00,0
1322,1,4.724390984,6000,6/29/17 17:55,4.724390984
1323,1,4.724390984,6000,6/30/17 5:52,4.724390984
1324,0,43.62187576,6000,6/30/17 11:58,0
1325,1,4.724390984,6000,6/30/17 17:50,4.724390984
1326,1,4.763760567,6000,7/1/17 1:03,4.763760567
1327,1,4.803130627,6000,7/1/17 2:46,4.803130627
1328,1,4.842500687,6000,7/1/17 4:06,4.842500687
1329,1,4.881870747,6000,7/1/17 4:41,4.881870747
1330,1,4.92124033,6000,7/1/17 4:55,4.92124033
1331,1,4.96061039,6000,7/1/17 5:14,4.96061039
1332,1,4.99998045,6000,7/1/17 5:29,4.99998045
1333,1,4.99998045,6000,7/1/17 5:48,4.99998045
1334,1,5.039350033,6000,7/1/17 5:52,5.039350033
1335,1,5.039350033,6000,7/1/17 17:46,5.039350033
1336,1,5.039350033,6000,7/2/17 5:44,5.039350033
1337,1,5.039350033,6000,7/2/17 17:42,5.039350033
1338,1,5.039350033,6000,7/3/17 5:40,5.039350033
1339,1,5.039350033,6000,7/3/17 17:38,5.039350033
1340,1,5.078720093,6000,7/3/17 21:41,5.078720093
1341,1,5.118090153,6000,7/3/17 21:43,5.118090153
1342,1,5.157460213,6000,7/3/17 21:44,5.157460213
1343,1,5.196829796,6000,7/3/17 21:46,5.196829796
1344,1,5.236199856,6000,7/3/17 21:51,5.236199856
1345,1,5.275569916,6000,7/3/17 21:57,5.275569916
1346,1,5.314939499,6000,7/3/17 22:04,5.314939499
1347,1,5.354309559,6000,7/3/17 22:09,5.354309559
1348,1,5.433049679,6000,7/3/17 22:38,5.433049679
1349,1,5.472419262,6000,7/3/17 23:19,5.472419262
1350,1,5.511789322,6000,7/3/17 23:42,5.511789322
1351,0,79.29102325,6000,7/4/17 5:33,0
1352,1,5.511789322,6000,7/4/17 5:36,5.511789322
1353,1,5.511789322,6000,7/4/17 17:34,5.511789322
1354,1,5.511789322,6000,7/5/17 5:32,5.511789322
1355,1,5.551159382,6000,7/5/17 14:04,5.551159382
1356,1,5.590528965,6000,7/5/17 14:21,5.590528965
1357,1,5.629899025,6000,7/5/17 16:30,5.629899025
1358,1,5.629899025,6000,7/5/17 17:30,5.629899025
1359,0,40.11795044,6000,7/5/17 19:43,0
1360,1,5.669269085,6000,7/5/17 19:47,5.669269085
1361,1,5.708639145,6000,7/5/17 20:02,5.708639145
1362,1,5.748008728,6000,7/5/17 20:22,5.748008728
1363,1,5.787378788,6000,7/5/17 21:37,5.787378788
1364,1,5.787378788,6000,7/6/17 5:28,5.787378788
1365,0,71.49578094,6000,7/6/17 16:46,0
1366,1,5.787378788,6000,7/6/17 17:26,5.787378788
1367,1,5.787378788,6000,7/7/17 5:24,5.787378788
1368,1,5.826748848,6000,7/7/17 8:39,5.826748848
1369,1,5.866118431,6000,7/7/17 8:45,5.866118431
1370,1,5.905488491,6000,7/7/17 9:00,5.905488491
1371,1,5.905488491,6000,7/7/17 17:22,5.905488491
1372,1,5.905488491,6000,7/8/17 5:20,5.905488491
1373,0,69.96035767,6000,7/8/17 15:05,0
1374,1,5.905488491,6000,7/8/17 17:18,5.905488491
1375,1,5.905488491,6000,7/9/17 5:16,5.905488491
1376,1,5.905488491,6000,7/9/17 17:14,5.905488491
1377,1,5.905488491,6000,7/10/17 5:12,5.905488491
1378,1,5.905488491,6000,7/10/17 17:10,5.905488491
1379,0,34.01561356,6000,7/10/17 22:19,0
1380,1,5.905488491,6000,7/11/17 5:08,5.905488491
1381,1,5.905488491,6000,7/11/17 17:05,5.905488491
1382,1,5.905488491,6000,7/12/17 5:03,5.905488491
1383,1,5.905488491,6000,7/12/17 17:01,5.905488491
1384,1,5.905488491,6000,7/13/17 4:59,5.905488491
1385,1,5.905488491,6000,7/13/17 16:57,5.905488491
1386,1,5.905488491,6000,7/14/17 4:55,5.905488491
1387,1,5.905488491,6000,7/14/17 16:53,5.905488491
1388,1,5.905488491,6000,7/15/17 4:51,5.905488491
1389,0,41.02346039,6000,7/15/17 13:07,0
1390,1,5.905488491,6000,7/15/17 16:49,5.905488491
1391,1,5.905488491,6000,7/16/17 4:47,5.905488491
1392,1,5.905488491,6000,7/16/17 16:45,5.905488491
1393,1,5.905488491,6000,7/17/17 4:43,5.905488491